subject_id,prob_y,pred_y
001,0.16388842589276895,0
004,0.44263418851061004,0
037,0.27411883645507357,0
042,0.399084957344344,0
